Sample in Buffer,Sample in Window,TRIGGER,design_1_i/system_ila_0/inst/probe0_1[7:0],design_1_i/system_ila_0/inst/probe1_1[7:0],design_1_i/system_ila_0/inst/probe2_1[7:0],design_1_i/system_ila_0/inst/probe3_1[11:0],design_1_i/system_ila_0/inst/probe4_1[10:0],design_1_i/system_ila_0/inst/probe5_1
0,0,0,00,00,00,0b2,1ea,0
1,1,0,00,00,00,0b3,1ea,0
2,2,0,00,00,00,0b4,1ea,0
3,3,0,00,00,00,0b5,1ea,0
4,4,0,00,00,00,0b6,1ea,0
5,5,0,00,00,00,0b7,1ea,0
6,6,0,00,00,00,0b8,1ea,0
7,7,0,00,00,00,0b9,1ea,0
8,8,0,00,00,00,0ba,1ea,0
9,9,0,00,00,00,0bb,1ea,0
10,10,0,00,00,00,0bc,1ea,0
11,11,0,00,00,00,0bd,1ea,0
12,12,0,00,00,00,0be,1ea,0
13,13,0,00,00,00,0bf,1ea,0
14,14,0,00,00,00,0c0,1ea,0
15,15,0,00,00,00,0c1,1ea,0
16,16,0,00,00,00,0c2,1ea,0
17,17,0,00,00,00,0c3,1ea,0
18,18,0,00,00,00,0c4,1ea,0
19,19,0,00,00,00,0c5,1ea,0
20,20,0,00,00,00,0c6,1ea,0
21,21,0,00,00,00,0c7,1ea,0
22,22,0,00,00,00,0c8,1ea,0
23,23,0,00,00,00,0c9,1ea,0
24,24,0,00,00,00,0ca,1ea,0
25,25,0,00,00,00,0cb,1ea,0
26,26,0,00,00,00,0cc,1ea,0
27,27,0,00,00,00,0cd,1ea,0
28,28,0,00,00,00,0ce,1ea,0
29,29,0,00,00,00,0cf,1ea,0
30,30,0,00,00,00,0d0,1ea,0
31,31,0,00,00,00,0d1,1ea,0
32,32,0,00,00,00,0d2,1ea,0
33,33,0,00,00,00,0d3,1ea,0
34,34,0,00,00,00,0d4,1ea,0
35,35,0,00,00,00,0d5,1ea,0
36,36,0,00,00,00,0d6,1ea,0
37,37,0,00,00,00,0d7,1ea,0
38,38,0,00,00,00,0d8,1ea,0
39,39,0,00,00,00,0d9,1ea,0
40,40,0,00,00,00,0da,1ea,0
41,41,0,00,00,00,0db,1ea,0
42,42,0,00,00,00,0dc,1ea,0
43,43,0,00,00,00,0dd,1ea,0
44,44,0,00,00,00,0de,1ea,0
45,45,0,00,00,00,0df,1ea,0
46,46,0,00,00,00,0e0,1ea,0
47,47,0,00,00,00,0e1,1ea,0
48,48,0,00,00,00,0e2,1ea,0
49,49,0,00,00,00,0e3,1ea,0
50,50,0,00,00,00,0e4,1ea,0
51,51,0,00,00,00,0e5,1ea,0
52,52,0,00,00,00,0e6,1ea,0
53,53,0,00,00,00,0e7,1ea,0
54,54,0,00,00,00,0e8,1ea,0
55,55,0,00,00,00,0e9,1ea,0
56,56,0,00,00,00,0ea,1ea,0
57,57,0,00,00,00,0eb,1ea,0
58,58,0,00,00,00,0ec,1ea,0
59,59,0,00,00,00,0ed,1ea,0
60,60,0,00,00,00,0ee,1ea,0
61,61,0,00,00,00,0ef,1ea,0
62,62,0,00,00,00,0f0,1ea,0
63,63,0,00,00,00,0f1,1ea,0
64,64,0,00,00,00,0f2,1ea,0
65,65,0,00,00,00,0f3,1ea,0
66,66,0,00,00,00,0f4,1ea,0
67,67,0,00,00,00,0f5,1ea,0
68,68,0,00,00,00,0f6,1ea,0
69,69,0,00,00,00,0f7,1ea,0
70,70,0,00,00,00,0f8,1ea,0
71,71,0,00,00,00,0f9,1ea,0
72,72,0,00,00,00,0fa,1ea,0
73,73,0,00,00,00,0fb,1ea,0
74,74,0,00,00,00,0fc,1ea,0
75,75,0,00,00,00,0fd,1ea,0
76,76,0,00,00,00,0fe,1ea,0
77,77,0,00,00,00,0ff,1ea,0
78,78,0,00,00,00,100,1ea,0
79,79,0,00,00,00,101,1ea,0
80,80,0,00,00,00,102,1ea,0
81,81,0,00,00,00,103,1ea,0
82,82,0,00,00,00,104,1ea,0
83,83,0,00,00,00,105,1ea,0
84,84,0,00,00,00,106,1ea,0
85,85,0,00,00,00,107,1ea,0
86,86,0,00,00,00,108,1ea,0
87,87,0,00,00,00,109,1ea,0
88,88,0,00,00,00,10a,1ea,0
89,89,0,00,00,00,10b,1ea,0
90,90,0,00,00,00,10c,1ea,0
91,91,0,00,00,00,10d,1ea,0
92,92,0,00,00,00,10e,1ea,0
93,93,0,00,00,00,10f,1ea,0
94,94,0,00,00,00,110,1ea,0
95,95,0,00,00,00,111,1ea,0
96,96,0,00,00,00,112,1ea,0
97,97,0,00,00,00,113,1ea,0
98,98,0,00,00,00,114,1ea,0
99,99,0,00,00,00,115,1ea,0
100,100,0,00,00,00,116,1ea,0
101,101,0,00,00,00,117,1ea,0
102,102,0,00,00,00,118,1ea,0
103,103,0,00,00,00,119,1ea,0
104,104,0,00,00,00,11a,1ea,0
105,105,0,00,00,00,11b,1ea,0
106,106,0,00,00,00,11c,1ea,0
107,107,0,00,00,00,11d,1ea,0
108,108,0,00,00,00,11e,1ea,0
109,109,0,00,00,00,11f,1ea,0
110,110,0,00,00,00,120,1ea,0
111,111,0,00,00,00,121,1ea,0
112,112,0,00,00,00,122,1ea,0
113,113,0,00,00,00,123,1ea,0
114,114,0,00,00,00,124,1ea,0
115,115,0,00,00,00,125,1ea,0
116,116,0,00,00,00,126,1ea,0
117,117,0,00,00,00,127,1ea,0
118,118,0,00,00,00,128,1ea,0
119,119,0,00,00,00,129,1ea,0
120,120,0,00,00,00,12a,1ea,0
121,121,0,00,00,00,12b,1ea,0
122,122,0,00,00,00,12c,1ea,0
123,123,0,00,00,00,12d,1ea,0
124,124,0,00,00,00,12e,1ea,0
125,125,0,00,00,00,12f,1ea,0
126,126,0,00,00,00,130,1ea,0
127,127,0,00,00,00,131,1ea,0
128,128,0,00,00,00,132,1ea,0
129,129,0,00,00,00,133,1ea,0
130,130,0,00,00,00,134,1ea,0
131,131,0,00,00,00,135,1ea,0
132,132,0,00,00,00,136,1ea,0
133,133,0,00,00,00,137,1ea,0
134,134,0,00,00,00,138,1ea,0
135,135,0,00,00,00,139,1ea,0
136,136,0,00,00,00,13a,1ea,0
137,137,0,00,00,00,13b,1ea,0
138,138,0,00,00,00,13c,1ea,0
139,139,0,00,00,00,13d,1ea,0
140,140,0,00,00,00,13e,1ea,0
141,141,0,00,00,00,13f,1ea,0
142,142,0,00,00,00,140,1ea,0
143,143,0,01,01,01,141,1ea,0
144,144,0,02,02,02,142,1ea,0
145,145,0,03,03,03,143,1ea,0
146,146,0,04,04,04,144,1ea,0
147,147,0,05,05,05,145,1ea,0
148,148,0,06,06,06,146,1ea,0
149,149,0,07,07,07,147,1ea,0
150,150,0,08,08,08,148,1ea,0
151,151,0,09,09,09,149,1ea,0
152,152,0,0a,0a,0a,14a,1ea,0
153,153,0,0b,0b,0b,14b,1ea,0
154,154,0,0c,0c,0c,14c,1ea,0
155,155,0,0d,0d,0d,14d,1ea,0
156,156,0,0e,0e,0e,14e,1ea,0
157,157,0,0f,0f,0f,14f,1ea,0
158,158,0,10,10,10,150,1ea,0
159,159,0,11,11,11,151,1ea,0
160,160,0,12,12,12,152,1ea,0
161,161,0,13,13,13,153,1ea,0
162,162,0,14,14,14,154,1ea,0
163,163,0,15,15,15,155,1ea,0
164,164,0,16,16,16,156,1ea,0
165,165,0,17,17,17,157,1ea,0
166,166,0,18,18,18,158,1ea,0
167,167,0,19,19,19,159,1ea,0
168,168,0,1a,1a,1a,15a,1ea,0
169,169,0,1b,1b,1b,15b,1ea,0
170,170,0,1c,1c,1c,15c,1ea,0
171,171,0,1d,1d,1d,15d,1ea,0
172,172,0,1e,1e,1e,15e,1ea,0
173,173,0,1f,1f,1f,15f,1ea,0
174,174,0,20,20,20,160,1ea,0
175,175,0,21,21,21,161,1ea,0
176,176,0,22,22,22,162,1ea,0
177,177,0,23,23,23,163,1ea,0
178,178,0,24,24,24,164,1ea,0
179,179,0,25,25,25,165,1ea,0
180,180,0,26,26,26,166,1ea,0
181,181,0,27,27,27,167,1ea,0
182,182,0,28,28,28,168,1ea,0
183,183,0,29,29,29,169,1ea,0
184,184,0,2a,2a,2a,16a,1ea,0
185,185,0,2b,2b,2b,16b,1ea,0
186,186,0,2c,2c,2c,16c,1ea,0
187,187,0,2d,2d,2d,16d,1ea,0
188,188,0,2e,2e,2e,16e,1ea,0
189,189,0,2f,2f,2f,16f,1ea,0
190,190,0,30,30,30,170,1ea,0
191,191,0,31,31,31,171,1ea,0
192,192,0,32,32,32,172,1ea,0
193,193,0,33,33,33,173,1ea,0
194,194,0,34,34,34,174,1ea,0
195,195,0,35,35,35,175,1ea,0
196,196,0,36,36,36,176,1ea,0
197,197,0,37,37,37,177,1ea,0
198,198,0,38,38,38,178,1ea,0
199,199,0,39,39,39,179,1ea,0
200,200,0,3a,3a,3a,17a,1ea,0
201,201,0,3b,3b,3b,17b,1ea,0
202,202,0,3c,3c,3c,17c,1ea,0
203,203,0,3d,3d,3d,17d,1ea,0
204,204,0,3e,3e,3e,17e,1ea,0
205,205,0,3f,3f,3f,17f,1ea,0
206,206,0,40,40,40,180,1ea,0
207,207,0,41,41,41,181,1ea,0
208,208,0,42,42,42,182,1ea,0
209,209,0,43,43,43,183,1ea,0
210,210,0,44,44,44,184,1ea,0
211,211,0,45,45,45,185,1ea,0
212,212,0,46,46,46,186,1ea,0
213,213,0,47,47,47,187,1ea,0
214,214,0,48,48,48,188,1ea,0
215,215,0,49,49,49,189,1ea,0
216,216,0,4a,4a,4a,18a,1ea,0
217,217,0,4b,4b,4b,18b,1ea,0
218,218,0,4c,4c,4c,18c,1ea,0
219,219,0,4d,4d,4d,18d,1ea,0
220,220,0,4e,4e,4e,18e,1ea,0
221,221,0,4f,4f,4f,18f,1ea,0
222,222,0,50,50,50,190,1ea,0
223,223,0,51,51,51,191,1ea,0
224,224,0,52,52,52,192,1ea,0
225,225,0,53,53,53,193,1ea,0
226,226,0,54,54,54,194,1ea,0
227,227,0,55,55,55,195,1ea,0
228,228,0,56,56,56,196,1ea,0
229,229,0,57,57,57,197,1ea,0
230,230,0,58,58,58,198,1ea,0
231,231,0,59,59,59,199,1ea,0
232,232,0,5a,5a,5a,19a,1ea,0
233,233,0,5b,5b,5b,19b,1ea,0
234,234,0,5c,5c,5c,19c,1ea,0
235,235,0,5d,5d,5d,19d,1ea,0
236,236,0,5e,5e,5e,19e,1ea,0
237,237,0,5f,5f,5f,19f,1ea,0
238,238,0,60,60,60,1a0,1ea,0
239,239,0,61,61,61,1a1,1ea,0
240,240,0,62,62,62,1a2,1ea,0
241,241,0,63,63,63,1a3,1ea,0
242,242,0,64,64,64,1a4,1ea,0
243,243,0,65,65,65,1a5,1ea,0
244,244,0,66,66,66,1a6,1ea,0
245,245,0,67,67,67,1a7,1ea,0
246,246,0,68,68,68,1a8,1ea,0
247,247,0,69,69,69,1a9,1ea,0
248,248,0,6a,6a,6a,1aa,1ea,0
249,249,0,6b,6b,6b,1ab,1ea,0
250,250,0,6c,6c,6c,1ac,1ea,0
251,251,0,6d,6d,6d,1ad,1ea,0
252,252,0,6e,6e,6e,1ae,1ea,0
253,253,0,6f,6f,6f,1af,1ea,0
254,254,0,70,70,70,1b0,1ea,0
255,255,0,71,71,71,1b1,1ea,0
256,256,0,72,72,72,1b2,1ea,0
257,257,0,73,73,73,1b3,1ea,0
258,258,0,74,74,74,1b4,1ea,0
259,259,0,75,75,75,1b5,1ea,0
260,260,0,76,76,76,1b6,1ea,0
261,261,0,77,77,77,1b7,1ea,0
262,262,0,78,78,78,1b8,1ea,0
263,263,0,79,79,79,1b9,1ea,0
264,264,0,7a,7a,7a,1ba,1ea,0
265,265,0,7b,7b,7b,1bb,1ea,0
266,266,0,7c,7c,7c,1bc,1ea,0
267,267,0,7d,7d,7d,1bd,1ea,0
268,268,0,7e,7e,7e,1be,1ea,0
269,269,0,7f,7f,7f,1bf,1ea,0
270,270,0,80,80,80,1c0,1ea,0
271,271,0,81,81,81,1c1,1ea,0
272,272,0,82,82,82,1c2,1ea,0
273,273,0,83,83,83,1c3,1ea,0
274,274,0,84,84,84,1c4,1ea,0
275,275,0,85,85,85,1c5,1ea,0
276,276,0,86,86,86,1c6,1ea,0
277,277,0,87,87,87,1c7,1ea,0
278,278,0,88,88,88,1c8,1ea,0
279,279,0,89,89,89,1c9,1ea,0
280,280,0,8a,8a,8a,1ca,1ea,0
281,281,0,8b,8b,8b,1cb,1ea,0
282,282,0,8c,8c,8c,1cc,1ea,0
283,283,0,8d,8d,8d,1cd,1ea,0
284,284,0,8e,8e,8e,1ce,1ea,0
285,285,0,8f,8f,8f,1cf,1ea,0
286,286,0,90,90,90,1d0,1ea,0
287,287,0,91,91,91,1d1,1ea,0
288,288,0,92,92,92,1d2,1ea,0
289,289,0,93,93,93,1d3,1ea,0
290,290,0,94,94,94,1d4,1ea,0
291,291,0,95,95,95,1d5,1ea,0
292,292,0,96,96,96,1d6,1ea,0
293,293,0,97,97,97,1d7,1ea,0
294,294,0,98,98,98,1d8,1ea,0
295,295,0,99,99,99,1d9,1ea,0
296,296,0,9a,9a,9a,1da,1ea,0
297,297,0,9b,9b,9b,1db,1ea,0
298,298,0,9c,9c,9c,1dc,1ea,0
299,299,0,9d,9d,9d,1dd,1ea,0
300,300,0,9e,9e,9e,1de,1ea,0
301,301,0,9f,9f,9f,1df,1ea,0
302,302,0,a0,a0,a0,1e0,1ea,0
303,303,0,a1,a1,a1,1e1,1ea,0
304,304,0,a2,a2,a2,1e2,1ea,0
305,305,0,a3,a3,a3,1e3,1ea,0
306,306,0,a4,a4,a4,1e4,1ea,0
307,307,0,a5,a5,a5,1e5,1ea,0
308,308,0,a6,a6,a6,1e6,1ea,0
309,309,0,a7,a7,a7,1e7,1ea,0
310,310,0,a8,a8,a8,1e8,1ea,0
311,311,0,a9,a9,a9,1e9,1ea,0
312,312,0,aa,aa,aa,1ea,1ea,0
313,313,0,ab,ab,ab,1eb,1ea,0
314,314,0,ac,ac,ac,1ec,1ea,0
315,315,0,ad,ad,ad,1ed,1ea,0
316,316,0,ae,ae,ae,1ee,1ea,0
317,317,0,af,af,af,1ef,1ea,0
318,318,0,b0,b0,b0,1f0,1ea,0
319,319,0,b1,b1,b1,1f1,1ea,0
320,320,0,b2,b2,b2,1f2,1ea,0
321,321,0,b3,b3,b3,1f3,1ea,0
322,322,0,b4,b4,b4,1f4,1ea,0
323,323,0,b5,b5,b5,1f5,1ea,0
324,324,0,b6,b6,b6,1f6,1ea,0
325,325,0,b7,b7,b7,1f7,1ea,0
326,326,0,b8,b8,b8,1f8,1ea,0
327,327,0,b9,b9,b9,1f9,1ea,0
328,328,0,ba,ba,ba,1fa,1ea,0
329,329,0,bb,bb,bb,1fb,1ea,0
330,330,0,bc,bc,bc,1fc,1ea,0
331,331,0,bd,bd,bd,1fd,1ea,0
332,332,0,be,be,be,1fe,1ea,0
333,333,0,bf,bf,bf,1ff,1ea,0
334,334,0,c0,c0,c0,200,1ea,0
335,335,0,c1,c1,c1,201,1ea,0
336,336,0,c2,c2,c2,202,1ea,0
337,337,0,c3,c3,c3,203,1ea,0
338,338,0,c4,c4,c4,204,1ea,0
339,339,0,c5,c5,c5,205,1ea,0
340,340,0,c6,c6,c6,206,1ea,0
341,341,0,c7,c7,c7,207,1ea,0
342,342,0,c8,c8,c8,208,1ea,0
343,343,0,c9,c9,c9,209,1ea,0
344,344,0,ca,ca,ca,20a,1ea,0
345,345,0,cb,cb,cb,20b,1ea,0
346,346,0,cc,cc,cc,20c,1ea,0
347,347,0,cd,cd,cd,20d,1ea,0
348,348,0,ce,ce,ce,20e,1ea,0
349,349,0,cf,cf,cf,20f,1ea,0
350,350,0,d0,d0,d0,210,1ea,0
351,351,0,d1,d1,d1,211,1ea,0
352,352,0,d2,d2,d2,212,1ea,0
353,353,0,d3,d3,d3,213,1ea,0
354,354,0,d4,d4,d4,214,1ea,0
355,355,0,d5,d5,d5,215,1ea,0
356,356,0,d6,d6,d6,216,1ea,0
357,357,0,d7,d7,d7,217,1ea,0
358,358,0,d8,d8,d8,218,1ea,0
359,359,0,d9,d9,d9,219,1ea,0
360,360,0,da,da,da,21a,1ea,0
361,361,0,db,db,db,21b,1ea,0
362,362,0,dc,dc,dc,21c,1ea,0
363,363,0,dd,dd,dd,21d,1ea,0
364,364,0,de,de,de,21e,1ea,0
365,365,0,df,df,df,21f,1ea,0
366,366,0,e0,e0,e0,220,1ea,0
367,367,0,e1,e1,e1,221,1ea,0
368,368,0,e2,e2,e2,222,1ea,0
369,369,0,e3,e3,e3,223,1ea,0
370,370,0,e4,e4,e4,224,1ea,0
371,371,0,e5,e5,e5,225,1ea,0
372,372,0,e6,e6,e6,226,1ea,0
373,373,0,e7,e7,e7,227,1ea,0
374,374,0,e8,e8,e8,228,1ea,0
375,375,0,e9,e9,e9,229,1ea,0
376,376,0,ea,ea,ea,22a,1ea,0
377,377,0,eb,eb,eb,22b,1ea,0
378,378,0,ec,ec,ec,22c,1ea,0
379,379,0,ed,ed,ed,22d,1ea,0
380,380,0,ee,ee,ee,22e,1ea,0
381,381,0,ef,ef,ef,22f,1ea,0
382,382,0,f0,f0,f0,230,1ea,0
383,383,0,f1,f1,f1,231,1ea,0
384,384,0,f2,f2,f2,232,1ea,0
385,385,0,f3,f3,f3,233,1ea,0
386,386,0,f4,f4,f4,234,1ea,0
387,387,0,f5,f5,f5,235,1ea,0
388,388,0,f6,f6,f6,236,1ea,0
389,389,0,f7,f7,f7,237,1ea,0
390,390,0,f8,f8,f8,238,1ea,0
391,391,0,f9,f9,f9,239,1ea,0
392,392,0,fa,fa,fa,23a,1ea,0
393,393,0,fb,fb,fb,23b,1ea,0
394,394,0,fc,fc,fc,23c,1ea,0
395,395,0,fd,fd,fd,23d,1ea,0
396,396,0,fe,fe,fe,23e,1ea,0
397,397,0,ff,ff,ff,23f,1ea,0
398,398,0,00,00,00,240,1ea,0
399,399,0,01,01,01,241,1ea,0
400,400,0,02,02,02,242,1ea,0
401,401,0,03,03,03,243,1ea,0
402,402,0,04,04,04,244,1ea,0
403,403,0,05,05,05,245,1ea,0
404,404,0,06,06,06,246,1ea,0
405,405,0,07,07,07,247,1ea,0
406,406,0,08,08,08,248,1ea,0
407,407,0,09,09,09,249,1ea,0
408,408,0,0a,0a,0a,24a,1ea,0
409,409,0,0b,0b,0b,24b,1ea,0
410,410,0,0c,0c,0c,24c,1ea,0
411,411,0,0d,0d,0d,24d,1ea,0
412,412,0,0e,0e,0e,24e,1ea,0
413,413,0,0f,0f,0f,24f,1ea,0
414,414,0,10,10,10,250,1ea,0
415,415,0,11,11,11,251,1ea,0
416,416,0,12,12,12,252,1ea,0
417,417,0,13,13,13,253,1ea,0
418,418,0,14,14,14,254,1ea,0
419,419,0,15,15,15,255,1ea,0
420,420,0,16,16,16,256,1ea,0
421,421,0,17,17,17,257,1ea,0
422,422,0,18,18,18,258,1ea,0
423,423,0,19,19,19,259,1ea,0
424,424,0,1a,1a,1a,25a,1ea,0
425,425,0,1b,1b,1b,25b,1ea,0
426,426,0,1c,1c,1c,25c,1ea,0
427,427,0,1d,1d,1d,25d,1ea,0
428,428,0,1e,1e,1e,25e,1ea,0
429,429,0,1f,1f,1f,25f,1ea,0
430,430,0,20,20,20,260,1ea,0
431,431,0,21,21,21,261,1ea,0
432,432,0,22,22,22,262,1ea,0
433,433,0,23,23,23,263,1ea,0
434,434,0,24,24,24,264,1ea,0
435,435,0,25,25,25,265,1ea,0
436,436,0,26,26,26,266,1ea,0
437,437,0,27,27,27,267,1ea,0
438,438,0,28,28,28,268,1ea,0
439,439,0,29,29,29,269,1ea,0
440,440,0,2a,2a,2a,26a,1ea,0
441,441,0,2b,2b,2b,26b,1ea,0
442,442,0,2c,2c,2c,26c,1ea,0
443,443,0,2d,2d,2d,26d,1ea,0
444,444,0,2e,2e,2e,26e,1ea,0
445,445,0,2f,2f,2f,26f,1ea,0
446,446,0,30,30,30,270,1ea,0
447,447,0,31,31,31,271,1ea,0
448,448,0,32,32,32,272,1ea,0
449,449,0,33,33,33,273,1ea,0
450,450,0,34,34,34,274,1ea,0
451,451,0,35,35,35,275,1ea,0
452,452,0,36,36,36,276,1ea,0
453,453,0,37,37,37,277,1ea,0
454,454,0,38,38,38,278,1ea,0
455,455,0,39,39,39,279,1ea,0
456,456,0,3a,3a,3a,27a,1ea,0
457,457,0,3b,3b,3b,27b,1ea,0
458,458,0,3c,3c,3c,27c,1ea,0
459,459,0,3d,3d,3d,27d,1ea,0
460,460,0,3e,3e,3e,27e,1ea,0
461,461,0,3f,3f,3f,27f,1ea,0
462,462,0,40,40,40,280,1ea,0
463,463,0,41,41,41,281,1ea,0
464,464,0,42,42,42,282,1ea,0
465,465,0,43,43,43,283,1ea,0
466,466,0,44,44,44,284,1ea,0
467,467,0,45,45,45,285,1ea,0
468,468,0,46,46,46,286,1ea,0
469,469,0,47,47,47,287,1ea,0
470,470,0,48,48,48,288,1ea,0
471,471,0,49,49,49,289,1ea,0
472,472,0,4a,4a,4a,28a,1ea,0
473,473,0,4b,4b,4b,28b,1ea,0
474,474,0,4c,4c,4c,28c,1ea,0
475,475,0,4d,4d,4d,28d,1ea,0
476,476,0,4e,4e,4e,28e,1ea,0
477,477,0,4f,4f,4f,28f,1ea,0
478,478,0,50,50,50,290,1ea,0
479,479,0,51,51,51,291,1ea,0
480,480,0,52,52,52,292,1ea,0
481,481,0,53,53,53,293,1ea,0
482,482,0,54,54,54,294,1ea,0
483,483,0,55,55,55,295,1ea,0
484,484,0,56,56,56,296,1ea,0
485,485,0,57,57,57,297,1ea,0
486,486,0,58,58,58,298,1ea,0
487,487,0,59,59,59,299,1ea,0
488,488,0,5a,5a,5a,29a,1ea,0
489,489,0,5b,5b,5b,29b,1ea,0
490,490,0,5c,5c,5c,29c,1ea,0
491,491,0,5d,5d,5d,29d,1ea,0
492,492,0,5e,5e,5e,29e,1ea,0
493,493,0,5f,5f,5f,29f,1ea,0
494,494,0,60,60,60,2a0,1ea,0
495,495,0,61,61,61,2a1,1ea,0
496,496,0,62,62,62,2a2,1ea,0
497,497,0,63,63,63,2a3,1ea,0
498,498,0,64,64,64,2a4,1ea,0
499,499,0,65,65,65,2a5,1ea,0
500,500,0,66,66,66,2a6,1ea,0
501,501,0,67,67,67,2a7,1ea,0
502,502,0,68,68,68,2a8,1ea,0
503,503,0,69,69,69,2a9,1ea,0
504,504,0,6a,6a,6a,2aa,1ea,0
505,505,0,6b,6b,6b,2ab,1ea,0
506,506,0,6c,6c,6c,2ac,1ea,0
507,507,0,6d,6d,6d,2ad,1ea,0
508,508,0,6e,6e,6e,2ae,1ea,0
509,509,0,6f,6f,6f,2af,1ea,0
510,510,0,70,70,70,2b0,1ea,0
511,511,0,71,71,71,2b1,1ea,0
512,512,1,72,72,72,2b2,1ea,1
513,513,0,73,73,73,2b3,1ea,1
514,514,0,74,74,74,2b4,1ea,1
515,515,0,75,75,75,2b5,1ea,1
516,516,0,76,76,76,2b6,1ea,1
517,517,0,77,77,77,2b7,1ea,1
518,518,0,78,78,78,2b8,1ea,1
519,519,0,79,79,79,2b9,1ea,1
520,520,0,7a,7a,7a,2ba,1ea,1
521,521,0,7b,7b,7b,2bb,1ea,1
522,522,0,7c,7c,7c,2bc,1ea,1
523,523,0,7d,7d,7d,2bd,1ea,1
524,524,0,7e,7e,7e,2be,1ea,1
525,525,0,7f,7f,7f,2bf,1ea,1
526,526,0,80,80,80,2c0,1ea,1
527,527,0,81,81,81,2c1,1ea,1
528,528,0,82,82,82,2c2,1ea,1
529,529,0,83,83,83,2c3,1ea,1
530,530,0,84,84,84,2c4,1ea,1
531,531,0,85,85,85,2c5,1ea,1
532,532,0,86,86,86,2c6,1ea,1
533,533,0,87,87,87,2c7,1ea,0
534,534,0,88,88,88,2c8,1ea,0
535,535,0,89,89,89,2c9,1ea,0
536,536,0,8a,8a,8a,2ca,1ea,0
537,537,0,8b,8b,8b,2cb,1ea,0
538,538,0,8c,8c,8c,2cc,1ea,0
539,539,0,8d,8d,8d,2cd,1ea,0
540,540,0,8e,8e,8e,2ce,1ea,0
541,541,0,8f,8f,8f,2cf,1ea,0
542,542,0,90,90,90,2d0,1ea,0
543,543,0,91,91,91,2d1,1ea,0
544,544,0,92,92,92,2d2,1ea,0
545,545,0,93,93,93,2d3,1ea,0
546,546,0,94,94,94,2d4,1ea,0
547,547,0,95,95,95,2d5,1ea,0
548,548,0,96,96,96,2d6,1ea,0
549,549,0,97,97,97,2d7,1ea,0
550,550,0,98,98,98,2d8,1ea,0
551,551,0,99,99,99,2d9,1ea,0
552,552,0,9a,9a,9a,2da,1ea,0
553,553,0,9b,9b,9b,2db,1ea,0
554,554,0,9c,9c,9c,2dc,1ea,0
555,555,0,9d,9d,9d,2dd,1ea,0
556,556,0,9e,9e,9e,2de,1ea,0
557,557,0,9f,9f,9f,2df,1ea,0
558,558,0,a0,a0,a0,2e0,1ea,0
559,559,0,a1,a1,a1,2e1,1ea,0
560,560,0,a2,a2,a2,2e2,1ea,0
561,561,0,a3,a3,a3,2e3,1ea,0
562,562,0,a4,a4,a4,2e4,1ea,0
563,563,0,a5,a5,a5,2e5,1ea,0
564,564,0,a6,a6,a6,2e6,1ea,0
565,565,0,a7,a7,a7,2e7,1ea,0
566,566,0,a8,a8,a8,2e8,1ea,0
567,567,0,a9,a9,a9,2e9,1ea,0
568,568,0,aa,aa,aa,2ea,1ea,0
569,569,0,ab,ab,ab,2eb,1ea,0
570,570,0,ac,ac,ac,2ec,1ea,0
571,571,0,ad,ad,ad,2ed,1ea,0
572,572,0,ae,ae,ae,2ee,1ea,0
573,573,0,af,af,af,2ef,1ea,0
574,574,0,b0,b0,b0,2f0,1ea,0
575,575,0,b1,b1,b1,2f1,1ea,0
576,576,0,b2,b2,b2,2f2,1ea,0
577,577,0,b3,b3,b3,2f3,1ea,0
578,578,0,b4,b4,b4,2f4,1ea,0
579,579,0,b5,b5,b5,2f5,1ea,0
580,580,0,b6,b6,b6,2f6,1ea,0
581,581,0,b7,b7,b7,2f7,1ea,0
582,582,0,b8,b8,b8,2f8,1ea,0
583,583,0,b9,b9,b9,2f9,1ea,0
584,584,0,ba,ba,ba,2fa,1ea,0
585,585,0,bb,bb,bb,2fb,1ea,0
586,586,0,bc,bc,bc,2fc,1ea,0
587,587,0,bd,bd,bd,2fd,1ea,0
588,588,0,be,be,be,2fe,1ea,0
589,589,0,bf,bf,bf,2ff,1ea,0
590,590,0,c0,c0,c0,300,1ea,0
591,591,0,c1,c1,c1,301,1ea,0
592,592,0,c2,c2,c2,302,1ea,0
593,593,0,c3,c3,c3,303,1ea,0
594,594,0,c4,c4,c4,304,1ea,0
595,595,0,c5,c5,c5,305,1ea,0
596,596,0,c6,c6,c6,306,1ea,0
597,597,0,c7,c7,c7,307,1ea,0
598,598,0,c8,c8,c8,308,1ea,0
599,599,0,c9,c9,c9,309,1ea,0
600,600,0,ca,ca,ca,30a,1ea,0
601,601,0,cb,cb,cb,30b,1ea,0
602,602,0,cc,cc,cc,30c,1ea,0
603,603,0,cd,cd,cd,30d,1ea,0
604,604,0,ce,ce,ce,30e,1ea,0
605,605,0,cf,cf,cf,30f,1ea,0
606,606,0,d0,d0,d0,310,1ea,0
607,607,0,d1,d1,d1,311,1ea,0
608,608,0,d2,d2,d2,312,1ea,0
609,609,0,d3,d3,d3,313,1ea,0
610,610,0,d4,d4,d4,314,1ea,0
611,611,0,d5,d5,d5,315,1ea,0
612,612,0,d6,d6,d6,316,1ea,0
613,613,0,d7,d7,d7,317,1ea,0
614,614,0,d8,d8,d8,318,1ea,0
615,615,0,d9,d9,d9,319,1ea,0
616,616,0,da,da,da,31a,1ea,0
617,617,0,db,db,db,31b,1ea,0
618,618,0,dc,dc,dc,31c,1ea,0
619,619,0,dd,dd,dd,31d,1ea,0
620,620,0,de,de,de,31e,1ea,0
621,621,0,df,df,df,31f,1ea,0
622,622,0,e0,e0,e0,320,1ea,0
623,623,0,e1,e1,e1,321,1ea,0
624,624,0,e2,e2,e2,322,1ea,0
625,625,0,e3,e3,e3,323,1ea,0
626,626,0,e4,e4,e4,324,1ea,0
627,627,0,e5,e5,e5,325,1ea,0
628,628,0,e6,e6,e6,326,1ea,0
629,629,0,e7,e7,e7,327,1ea,0
630,630,0,e8,e8,e8,328,1ea,0
631,631,0,e9,e9,e9,329,1ea,0
632,632,0,ea,ea,ea,32a,1ea,0
633,633,0,eb,eb,eb,32b,1ea,0
634,634,0,ec,ec,ec,32c,1ea,0
635,635,0,ed,ed,ed,32d,1ea,0
636,636,0,ee,ee,ee,32e,1ea,0
637,637,0,ef,ef,ef,32f,1ea,0
638,638,0,f0,f0,f0,330,1ea,0
639,639,0,f1,f1,f1,331,1ea,0
640,640,0,f2,f2,f2,332,1ea,0
641,641,0,f3,f3,f3,333,1ea,0
642,642,0,f4,f4,f4,334,1ea,0
643,643,0,f5,f5,f5,335,1ea,0
644,644,0,f6,f6,f6,336,1ea,0
645,645,0,f7,f7,f7,337,1ea,0
646,646,0,f8,f8,f8,338,1ea,0
647,647,0,f9,f9,f9,339,1ea,0
648,648,0,fa,fa,fa,33a,1ea,0
649,649,0,fb,fb,fb,33b,1ea,0
650,650,0,fc,fc,fc,33c,1ea,0
651,651,0,fd,fd,fd,33d,1ea,0
652,652,0,fe,fe,fe,33e,1ea,0
653,653,0,ff,ff,ff,33f,1ea,0
654,654,0,00,00,00,340,1ea,0
655,655,0,01,01,01,341,1ea,0
656,656,0,02,02,02,342,1ea,0
657,657,0,03,03,03,343,1ea,0
658,658,0,04,04,04,344,1ea,0
659,659,0,05,05,05,345,1ea,0
660,660,0,06,06,06,346,1ea,0
661,661,0,07,07,07,347,1ea,0
662,662,0,08,08,08,348,1ea,0
663,663,0,09,09,09,349,1ea,0
664,664,0,0a,0a,0a,34a,1ea,0
665,665,0,0b,0b,0b,34b,1ea,0
666,666,0,0c,0c,0c,34c,1ea,0
667,667,0,0d,0d,0d,34d,1ea,0
668,668,0,0e,0e,0e,34e,1ea,0
669,669,0,0f,0f,0f,34f,1ea,0
670,670,0,10,10,10,350,1ea,0
671,671,0,11,11,11,351,1ea,0
672,672,0,12,12,12,352,1ea,0
673,673,0,13,13,13,353,1ea,0
674,674,0,14,14,14,354,1ea,0
675,675,0,15,15,15,355,1ea,0
676,676,0,16,16,16,356,1ea,0
677,677,0,17,17,17,357,1ea,0
678,678,0,18,18,18,358,1ea,0
679,679,0,19,19,19,359,1ea,0
680,680,0,1a,1a,1a,35a,1ea,0
681,681,0,1b,1b,1b,35b,1ea,0
682,682,0,1c,1c,1c,35c,1ea,0
683,683,0,1d,1d,1d,35d,1ea,0
684,684,0,1e,1e,1e,35e,1ea,0
685,685,0,1f,1f,1f,35f,1ea,0
686,686,0,20,20,20,360,1ea,0
687,687,0,21,21,21,361,1ea,0
688,688,0,22,22,22,362,1ea,0
689,689,0,23,23,23,363,1ea,0
690,690,0,24,24,24,364,1ea,0
691,691,0,25,25,25,365,1ea,0
692,692,0,26,26,26,366,1ea,0
693,693,0,27,27,27,367,1ea,0
694,694,0,28,28,28,368,1ea,0
695,695,0,29,29,29,369,1ea,0
696,696,0,2a,2a,2a,36a,1ea,0
697,697,0,2b,2b,2b,36b,1ea,0
698,698,0,2c,2c,2c,36c,1ea,0
699,699,0,2d,2d,2d,36d,1ea,0
700,700,0,2e,2e,2e,36e,1ea,0
701,701,0,2f,2f,2f,36f,1ea,0
702,702,0,30,30,30,370,1ea,0
703,703,0,31,31,31,371,1ea,0
704,704,0,32,32,32,372,1ea,0
705,705,0,33,33,33,373,1ea,0
706,706,0,34,34,34,374,1ea,0
707,707,0,35,35,35,375,1ea,0
708,708,0,36,36,36,376,1ea,0
709,709,0,37,37,37,377,1ea,0
710,710,0,38,38,38,378,1ea,0
711,711,0,39,39,39,379,1ea,0
712,712,0,3a,3a,3a,37a,1ea,0
713,713,0,3b,3b,3b,37b,1ea,0
714,714,0,3c,3c,3c,37c,1ea,0
715,715,0,3d,3d,3d,37d,1ea,0
716,716,0,3e,3e,3e,37e,1ea,0
717,717,0,3f,3f,3f,37f,1ea,0
718,718,0,40,40,40,380,1ea,0
719,719,0,41,41,41,381,1ea,0
720,720,0,42,42,42,382,1ea,0
721,721,0,43,43,43,383,1ea,0
722,722,0,44,44,44,384,1ea,0
723,723,0,45,45,45,385,1ea,0
724,724,0,46,46,46,386,1ea,0
725,725,0,47,47,47,387,1ea,0
726,726,0,48,48,48,388,1ea,0
727,727,0,49,49,49,389,1ea,0
728,728,0,4a,4a,4a,38a,1ea,0
729,729,0,4b,4b,4b,38b,1ea,0
730,730,0,4c,4c,4c,38c,1ea,0
731,731,0,4d,4d,4d,38d,1ea,0
732,732,0,4e,4e,4e,38e,1ea,0
733,733,0,4f,4f,4f,38f,1ea,0
734,734,0,50,50,50,390,1ea,0
735,735,0,51,51,51,391,1ea,0
736,736,0,52,52,52,392,1ea,0
737,737,0,53,53,53,393,1ea,0
738,738,0,54,54,54,394,1ea,0
739,739,0,55,55,55,395,1ea,0
740,740,0,56,56,56,396,1ea,0
741,741,0,57,57,57,397,1ea,0
742,742,0,58,58,58,398,1ea,0
743,743,0,59,59,59,399,1ea,0
744,744,0,5a,5a,5a,39a,1ea,0
745,745,0,5b,5b,5b,39b,1ea,0
746,746,0,5c,5c,5c,39c,1ea,0
747,747,0,5d,5d,5d,39d,1ea,0
748,748,0,5e,5e,5e,39e,1ea,0
749,749,0,5f,5f,5f,39f,1ea,0
750,750,0,60,60,60,3a0,1ea,0
751,751,0,61,61,61,3a1,1ea,0
752,752,0,62,62,62,3a2,1ea,0
753,753,0,63,63,63,3a3,1ea,0
754,754,0,64,64,64,3a4,1ea,0
755,755,0,65,65,65,3a5,1ea,0
756,756,0,66,66,66,3a6,1ea,0
757,757,0,67,67,67,3a7,1ea,0
758,758,0,68,68,68,3a8,1ea,0
759,759,0,69,69,69,3a9,1ea,0
760,760,0,6a,6a,6a,3aa,1ea,0
761,761,0,6b,6b,6b,3ab,1ea,0
762,762,0,6c,6c,6c,3ac,1ea,0
763,763,0,6d,6d,6d,3ad,1ea,0
764,764,0,6e,6e,6e,3ae,1ea,0
765,765,0,6f,6f,6f,3af,1ea,0
766,766,0,70,70,70,3b0,1ea,0
767,767,0,71,71,71,3b1,1ea,0
768,768,0,72,72,72,3b2,1ea,0
769,769,0,73,73,73,3b3,1ea,0
770,770,0,74,74,74,3b4,1ea,0
771,771,0,75,75,75,3b5,1ea,0
772,772,0,76,76,76,3b6,1ea,0
773,773,0,77,77,77,3b7,1ea,0
774,774,0,78,78,78,3b8,1ea,0
775,775,0,79,79,79,3b9,1ea,0
776,776,0,7a,7a,7a,3ba,1ea,0
777,777,0,7b,7b,7b,3bb,1ea,0
778,778,0,7c,7c,7c,3bc,1ea,0
779,779,0,7d,7d,7d,3bd,1ea,0
780,780,0,7e,7e,7e,3be,1ea,0
781,781,0,7f,7f,7f,3bf,1ea,0
782,782,0,80,80,80,3c0,1ea,0
783,783,0,81,81,81,3c1,1ea,0
784,784,0,82,82,82,3c2,1ea,0
785,785,0,83,83,83,3c3,1ea,0
786,786,0,84,84,84,3c4,1ea,0
787,787,0,85,85,85,3c5,1ea,0
788,788,0,86,86,86,3c6,1ea,0
789,789,0,87,87,87,3c7,1ea,0
790,790,0,88,88,88,3c8,1ea,0
791,791,0,89,89,89,3c9,1ea,0
792,792,0,8a,8a,8a,3ca,1ea,0
793,793,0,8b,8b,8b,3cb,1ea,0
794,794,0,8c,8c,8c,3cc,1ea,0
795,795,0,8d,8d,8d,3cd,1ea,0
796,796,0,8e,8e,8e,3ce,1ea,0
797,797,0,8f,8f,8f,3cf,1ea,0
798,798,0,90,90,90,3d0,1ea,0
799,799,0,91,91,91,3d1,1ea,0
800,800,0,92,92,92,3d2,1ea,0
801,801,0,93,93,93,3d3,1ea,0
802,802,0,94,94,94,3d4,1ea,0
803,803,0,95,95,95,3d5,1ea,0
804,804,0,96,96,96,3d6,1ea,0
805,805,0,97,97,97,3d7,1ea,0
806,806,0,98,98,98,3d8,1ea,0
807,807,0,99,99,99,3d9,1ea,0
808,808,0,9a,9a,9a,3da,1ea,0
809,809,0,9b,9b,9b,3db,1ea,0
810,810,0,9c,9c,9c,3dc,1ea,0
811,811,0,9d,9d,9d,3dd,1ea,0
812,812,0,9e,9e,9e,3de,1ea,0
813,813,0,9f,9f,9f,3df,1ea,0
814,814,0,a0,a0,a0,3e0,1ea,0
815,815,0,a1,a1,a1,3e1,1ea,0
816,816,0,a2,a2,a2,3e2,1ea,0
817,817,0,a3,a3,a3,3e3,1ea,0
818,818,0,a4,a4,a4,3e4,1ea,0
819,819,0,a5,a5,a5,3e5,1ea,0
820,820,0,a6,a6,a6,3e6,1ea,0
821,821,0,a7,a7,a7,3e7,1ea,0
822,822,0,a8,a8,a8,3e8,1ea,0
823,823,0,a9,a9,a9,3e9,1ea,0
824,824,0,aa,aa,aa,3ea,1ea,0
825,825,0,ab,ab,ab,3eb,1ea,0
826,826,0,ac,ac,ac,3ec,1ea,0
827,827,0,ad,ad,ad,3ed,1ea,0
828,828,0,ae,ae,ae,3ee,1ea,0
829,829,0,af,af,af,3ef,1ea,0
830,830,0,b0,b0,b0,3f0,1ea,0
831,831,0,b1,b1,b1,3f1,1ea,0
832,832,0,b2,b2,b2,3f2,1ea,0
833,833,0,b3,b3,b3,3f3,1ea,0
834,834,0,b4,b4,b4,3f4,1ea,0
835,835,0,b5,b5,b5,3f5,1ea,0
836,836,0,b6,b6,b6,3f6,1ea,0
837,837,0,b7,b7,b7,3f7,1ea,0
838,838,0,b8,b8,b8,3f8,1ea,0
839,839,0,b9,b9,b9,3f9,1ea,0
840,840,0,ba,ba,ba,3fa,1ea,0
841,841,0,bb,bb,bb,3fb,1ea,0
842,842,0,bc,bc,bc,3fc,1ea,0
843,843,0,bd,bd,bd,3fd,1ea,0
844,844,0,be,be,be,3fe,1ea,0
845,845,0,bf,bf,bf,3ff,1ea,0
846,846,0,c0,c0,c0,400,1ea,0
847,847,0,c1,c1,c1,401,1ea,0
848,848,0,c2,c2,c2,402,1ea,0
849,849,0,c3,c3,c3,403,1ea,0
850,850,0,c4,c4,c4,404,1ea,0
851,851,0,c5,c5,c5,405,1ea,0
852,852,0,c6,c6,c6,406,1ea,0
853,853,0,c7,c7,c7,407,1ea,0
854,854,0,c8,c8,c8,408,1ea,0
855,855,0,c9,c9,c9,409,1ea,0
856,856,0,ca,ca,ca,40a,1ea,0
857,857,0,cb,cb,cb,40b,1ea,0
858,858,0,cc,cc,cc,40c,1ea,0
859,859,0,cd,cd,cd,40d,1ea,0
860,860,0,ce,ce,ce,40e,1ea,0
861,861,0,cf,cf,cf,40f,1ea,0
862,862,0,d0,d0,d0,410,1ea,0
863,863,0,d1,d1,d1,411,1ea,0
864,864,0,d2,d2,d2,412,1ea,0
865,865,0,d3,d3,d3,413,1ea,0
866,866,0,d4,d4,d4,414,1ea,0
867,867,0,d5,d5,d5,415,1ea,0
868,868,0,d6,d6,d6,416,1ea,0
869,869,0,d7,d7,d7,417,1ea,0
870,870,0,d8,d8,d8,418,1ea,0
871,871,0,d9,d9,d9,419,1ea,0
872,872,0,da,da,da,41a,1ea,0
873,873,0,db,db,db,41b,1ea,0
874,874,0,dc,dc,dc,41c,1ea,0
875,875,0,dd,dd,dd,41d,1ea,0
876,876,0,de,de,de,41e,1ea,0
877,877,0,df,df,df,41f,1ea,0
878,878,0,e0,e0,e0,420,1ea,0
879,879,0,e1,e1,e1,421,1ea,0
880,880,0,e2,e2,e2,422,1ea,0
881,881,0,e3,e3,e3,423,1ea,0
882,882,0,e4,e4,e4,424,1ea,0
883,883,0,e5,e5,e5,425,1ea,0
884,884,0,e6,e6,e6,426,1ea,0
885,885,0,e7,e7,e7,427,1ea,0
886,886,0,e8,e8,e8,428,1ea,0
887,887,0,e9,e9,e9,429,1ea,0
888,888,0,ea,ea,ea,42a,1ea,0
889,889,0,eb,eb,eb,42b,1ea,0
890,890,0,ec,ec,ec,42c,1ea,0
891,891,0,ed,ed,ed,42d,1ea,0
892,892,0,ee,ee,ee,42e,1ea,0
893,893,0,ef,ef,ef,42f,1ea,0
894,894,0,f0,f0,f0,430,1ea,0
895,895,0,f1,f1,f1,431,1ea,0
896,896,0,f2,f2,f2,432,1ea,0
897,897,0,f3,f3,f3,433,1ea,0
898,898,0,f4,f4,f4,434,1ea,0
899,899,0,f5,f5,f5,435,1ea,0
900,900,0,f6,f6,f6,436,1ea,0
901,901,0,f7,f7,f7,437,1ea,0
902,902,0,f8,f8,f8,438,1ea,0
903,903,0,f9,f9,f9,439,1ea,0
904,904,0,fa,fa,fa,43a,1ea,0
905,905,0,fb,fb,fb,43b,1ea,0
906,906,0,fc,fc,fc,43c,1ea,0
907,907,0,fd,fd,fd,43d,1ea,0
908,908,0,fe,fe,fe,43e,1ea,0
909,909,0,ff,ff,ff,43f,1ea,0
910,910,0,00,00,00,440,1ea,0
911,911,0,01,01,01,441,1ea,0
912,912,0,02,02,02,442,1ea,0
913,913,0,03,03,03,443,1ea,0
914,914,0,04,04,04,444,1ea,0
915,915,0,05,05,05,445,1ea,0
916,916,0,06,06,06,446,1ea,0
917,917,0,07,07,07,447,1ea,0
918,918,0,08,08,08,448,1ea,0
919,919,0,09,09,09,449,1ea,0
920,920,0,0a,0a,0a,44a,1ea,0
921,921,0,0b,0b,0b,44b,1ea,0
922,922,0,0c,0c,0c,44c,1ea,0
923,923,0,0d,0d,0d,44d,1ea,0
924,924,0,0e,0e,0e,44e,1ea,0
925,925,0,0f,0f,0f,44f,1ea,0
926,926,0,10,10,10,450,1ea,0
927,927,0,11,11,11,451,1ea,0
928,928,0,12,12,12,452,1ea,0
929,929,0,13,13,13,453,1ea,0
930,930,0,14,14,14,454,1ea,0
931,931,0,15,15,15,455,1ea,0
932,932,0,16,16,16,456,1ea,0
933,933,0,17,17,17,457,1ea,0
934,934,0,18,18,18,458,1ea,0
935,935,0,19,19,19,459,1ea,0
936,936,0,1a,1a,1a,45a,1ea,0
937,937,0,1b,1b,1b,45b,1ea,0
938,938,0,1c,1c,1c,45c,1ea,0
939,939,0,1d,1d,1d,45d,1ea,0
940,940,0,1e,1e,1e,45e,1ea,0
941,941,0,1f,1f,1f,45f,1ea,0
942,942,0,20,20,20,460,1ea,0
943,943,0,21,21,21,461,1ea,0
944,944,0,22,22,22,462,1ea,0
945,945,0,23,23,23,463,1ea,0
946,946,0,24,24,24,464,1ea,0
947,947,0,25,25,25,465,1ea,0
948,948,0,26,26,26,466,1ea,0
949,949,0,27,27,27,467,1ea,0
950,950,0,28,28,28,468,1ea,0
951,951,0,29,29,29,469,1ea,0
952,952,0,2a,2a,2a,46a,1ea,0
953,953,0,2b,2b,2b,46b,1ea,0
954,954,0,2c,2c,2c,46c,1ea,0
955,955,0,2d,2d,2d,46d,1ea,0
956,956,0,2e,2e,2e,46e,1ea,0
957,957,0,2f,2f,2f,46f,1ea,0
958,958,0,30,30,30,470,1ea,0
959,959,0,31,31,31,471,1ea,0
960,960,0,32,32,32,472,1ea,0
961,961,0,33,33,33,473,1ea,0
962,962,0,34,34,34,474,1ea,0
963,963,0,35,35,35,475,1ea,0
964,964,0,36,36,36,476,1ea,0
965,965,0,37,37,37,477,1ea,0
966,966,0,38,38,38,478,1ea,0
967,967,0,39,39,39,479,1ea,0
968,968,0,3a,3a,3a,47a,1ea,0
969,969,0,3b,3b,3b,47b,1ea,0
970,970,0,3c,3c,3c,47c,1ea,0
971,971,0,3d,3d,3d,47d,1ea,0
972,972,0,3e,3e,3e,47e,1ea,0
973,973,0,3f,3f,3f,47f,1ea,0
974,974,0,40,40,40,480,1ea,0
975,975,0,41,41,41,481,1ea,0
976,976,0,42,42,42,482,1ea,0
977,977,0,43,43,43,483,1ea,0
978,978,0,44,44,44,484,1ea,0
979,979,0,45,45,45,485,1ea,0
980,980,0,46,46,46,486,1ea,0
981,981,0,47,47,47,487,1ea,0
982,982,0,48,48,48,488,1ea,0
983,983,0,49,49,49,489,1ea,0
984,984,0,4a,4a,4a,48a,1ea,0
985,985,0,4b,4b,4b,48b,1ea,0
986,986,0,4c,4c,4c,48c,1ea,0
987,987,0,4d,4d,4d,48d,1ea,0
988,988,0,4e,4e,4e,48e,1ea,0
989,989,0,4f,4f,4f,48f,1ea,0
990,990,0,50,50,50,490,1ea,0
991,991,0,51,51,51,491,1ea,0
992,992,0,52,52,52,492,1ea,0
993,993,0,53,53,53,493,1ea,0
994,994,0,54,54,54,494,1ea,0
995,995,0,55,55,55,495,1ea,0
996,996,0,56,56,56,496,1ea,0
997,997,0,57,57,57,497,1ea,0
998,998,0,58,58,58,498,1ea,0
999,999,0,59,59,59,499,1ea,0
1000,1000,0,5a,5a,5a,49a,1ea,0
1001,1001,0,5b,5b,5b,49b,1ea,0
1002,1002,0,5c,5c,5c,49c,1ea,0
1003,1003,0,5d,5d,5d,49d,1ea,0
1004,1004,0,5e,5e,5e,49e,1ea,0
1005,1005,0,5f,5f,5f,49f,1ea,0
1006,1006,0,60,60,60,4a0,1ea,0
1007,1007,0,61,61,61,4a1,1ea,0
1008,1008,0,62,62,62,4a2,1ea,0
1009,1009,0,63,63,63,4a3,1ea,0
1010,1010,0,64,64,64,4a4,1ea,0
1011,1011,0,65,65,65,4a5,1ea,0
1012,1012,0,66,66,66,4a6,1ea,0
1013,1013,0,67,67,67,4a7,1ea,0
1014,1014,0,68,68,68,4a8,1ea,0
1015,1015,0,69,69,69,4a9,1ea,0
1016,1016,0,6a,6a,6a,4aa,1ea,0
1017,1017,0,6b,6b,6b,4ab,1ea,0
1018,1018,0,6c,6c,6c,4ac,1ea,0
1019,1019,0,6d,6d,6d,4ad,1ea,0
1020,1020,0,6e,6e,6e,4ae,1ea,0
1021,1021,0,6f,6f,6f,4af,1ea,0
1022,1022,0,70,70,70,4b0,1ea,0
1023,1023,0,71,71,71,4b1,1ea,0
